Id Gedos;Id AIRS
3;34
4;35
5;36
6;37
7;38
8;39
9;40
11;41
12;42
13;43
14;44
15;45
16;46
17;47
18;48
19;49
20;50
21;51
22;52
23;53
24;54
373;55
25;56
26;57
27;58
28;59
29;60
30;61
31;62
32;63
33;64
34;65
35;66
36;67
37;68
38;69
39;70
40;71
41;72
42;73
43;74
45;75
46;76
47;77
48;78
50;79
51;80
52;81
53;82
54;83
55;84
56;85
60;86
65;87
66;88
67;89
68;90
69;91
70;92
71;93
72;94
73;95
74;96
75;97
76;98
77;99
78;100
79;101
374;102
80;103
81;104
83;105
84;106
85;107
86;108
87;109
88;110
89;111
90;112
92;113
94;114
96;115
98;116
99;117
101;118
103;119
104;120
105;121
106;122
107;123
108;124
109;125
110;126
111;127
112;128
113;129
114;130
115;131
116;132
117;133
118;134
119;135
121;136
122;137
123;138
124;139
125;140
126;141
127;142
128;143
129;144
130;145
131;146
132;147
133;148
134;149
135;150
136;151
137;152
138;153
139;154
140;155
141;156
142;157
143;158
144;159
145;160
146;161
147;162
148;163
375;164
151;165
154;166
156;167
376;168
157;169
377;170
159;171
160;172
161;173
162;174
163;175
165;176
166;177
167;178
168;179
169;180
170;181
171;182
177;183
190;184
192;185
194;186
196;187
197;188
198;189
200;190
201;191
202;192
203;193
204;194
206;196
207;197
209;198
210;199
211;200
212;201
213;202
214;203
215;204
216;205
217;206
218;207
219;208
220;209
221;210
222;211
223;212
224;213
225;214
226;215
227;216
228;217
229;218
230;219
231;220
232;221
233;222
234;223
235;224
236;225
239;226
240;227
241;228
242;229
243;230
246;231
247;232
248;233
249;234
250;235
251;236
252;237
253;238
254;239
255;240
256;241
257;242
258;243
259;244
260;245
261;246
262;247
263;248
264;249
268;250
273;251
274;252
276;253
277;254
278;255
279;256
280;257
281;258
282;259
283;260
284;261
285;262
286;263
287;264
288;265
289;266
290;267
291;268
292;269
293;270
294;271
295;272
296;273
298;274
299;275
303;276
378;277
316;278
317;279
318;280
319;281
320;282
321;283
322;284
370;285
371;286
1;288
49;289
57;290
64;291
91;292
93;293
95;294
164;295
172;296
178;297
179;298
182;299
188;300
189;301
191;302
195;303
237;304
238;305
244;306
266;307
269;308
270;309
271;310
272;311
301;313
304;314
305;315
306;316
307;317
308;318
309;319
310;320
311;321
312;322
313;323
314;324
315;325
379;326
380;327
9999;328